workout_sessions_id,user_id,workout_id,timestamp,set,rep,weight,volume,peak_velocity,mean_velocity,peak_power,mean_power,height,power
1,1,1,2025-01-16 13:00,1,1,95,10,8,4,9,4.5,100,150
1,1,1,2025-01-16 13:01,1,2,95,11,8,4,9,4.5,100,150
1,1,1,2025-01-16 13:02,1,3,95,12,8,4,9,4.5,100,150
1,1,1,2025-01-17 13:04,1,4,95,13,8,4,9,4.5,100,150
1,1,1,2025-01-18 13:05,1,5,95,14,8,4,9,4.5,100,150
1,1,1,2025-01-19 13:06,1,6,95,15,8,4,9,4.5,100,150
1,1,1,2025-01-20 13:07,1,7,95,16,8,4,9,4.5,100,150
1,1,1,2025-01-21 13:08,1,8,95,17,8,4,9,4.5,100,150
1,1,1,2025-01-22 13:09,1,9,95,18,8,4,9,4.5,100,150
1,1,1,2025-01-23 13:11,1,10,95,19,8,4,9,4.5,100,150
1,1,1,2025-01-24 13:12,1,11,95,20,8,4,9,4.5,100,150
1,1,1,2025-01-25 13:13,1,12,95,21,8,4,9,4.5,100,150
1,1,1,2025-01-26 13:14,1,13,95,22,8,4,9,4.5,100,150
1,1,1,2025-01-27 13:15,1,14,95,23,8,4,9,4.5,100,150
1,1,1,2025-01-28 13:16,1,15,95,24,8,4,9,4.5,100,150
1,1,1,2025-01-29 13:20,1,16,95,25,8,4,9,4.5,100,150
1,1,1,2025-01-30 13:21,1,17,95,26,8,4,9,4.5,100,150
1,1,1,2025-01-31 13:22,1,18,95,27,8,4,9,4.5,100,150
1,1,1,2025-02-01 13:23,1,19,95,28,8,4,9,4.5,100,150
1,1,1,2025-01-16 13:24,1,20,95,29,8,4,9,4.5,100,150
